,reviewerID,asin,reviewerName,helpful,reviewText,overall,summary,unixReviewTime,reviewTime,Sentiment
0,A2WF82910Z50CT,B00001WRHJ,carole tisler cat,"[0, 0]","My grandson has been a costume lover for the past three years and I have ordered many from Amazon, His picture that his mother sent was adorable. SO thumbs up",4,Birthday gift 5year old,1303689600,"04 25, 2011",0.4135
1,A15LON8ZV0GJXD,B00001WRHJ,Carolyn Sutter,"[1, 1]","My grandson is 5 and I gave him this for Christmas. It has hat, suit and &#34;boots&#34; and he put it all on right away and wore it home. This is not a high-quality outfit but for the price it should get him nicely through this phase.",4,Great for costume-loving kid,1388016000,"12 26, 2013",0.1976
2,A1IOSSO7P46M0B,B00001WRHJ,M. Tschopp,"[1, 1]",This costume is adorable. My child loves it. He puts it on all the time and it's not even Halloween yet.,4,My 7 year old LOVES this costume!,1285632000,"09 28, 2010",0.3553
3,A3PQ8KCENIDZ7P,B00001WRHJ,Nicole McGinnis Nicole McGinnis,"[0, 0]","My son wouldn't wear it because he can be a stick in the mud. However, the costume is very cute, came within e boot covers, holster, bandana, hat, and one piece costume. I only wish it ran a little bigger so he could wear it in a few weeks or months if he ever lightens up and enjoys dressing up in costumes.",4,Very cute Woody costume.,1383523200,"11 4, 2013",0.4093
4,A3VZ1PO40JCGFV,B00001WRHJ,Tina Smith,"[0, 2]","Have they lost their minds??!! Over 100$ for a costume!! Amazon, you are an idiot. This is an inexpensive costume. It better include a meeting with Tom Hanks for that price.",1,WHAT!?,1379548800,"09 19, 2013",-0.0885
5,A1S1IP62GI71D0,B00001WRHJ,V. Maccor vale mac,"[0, 0]",my boy is almost 4yrs old and size chils s fits perfectly even with room to grow.boot covers are awesome! he loved them!.would definetly recommend this... for 10 bucks it is really great!,4,great woody costume!,1381104000,"10 7, 2013",0.8849
