,reviewerID,asin,reviewerName,helpful,reviewText,overall,summary,unixReviewTime,reviewTime,Sentiment
0,AZ1119BK1WNOP,B00007FFL9,Arline K. Beck,"[0, 0]",the ring is pretty but just a little to flashy for me the band is not made for small hands,3,the gold overlay is just a little to bright,1361491200,"02 22, 2013",0.2732
1,A1XXU52FDALZCU,B00007FFL9,Chenoa,"[1, 1]","I ordered this ring because I needed something gold on my right hand to go with another ring. It's very pretty, just a bit too yellow. I still like it and will wear it when I need to balance out the gold.",4,Pretty!,1390435200,"01 23, 2014",0.4655
2,A2RY3885MJCZ20,B00007FFL9,Eleni Contos,"[0, 0]","i really like this ring, great for everyday or dressing up. it is a little thick but the gold looks very real in person. i already got one compliment on it.",4,very nice,1388966400,"01 6, 2014",0.4203
3,A22HX99ZGA9NF7,B00007FFL9,Jessica W,"[0, 0]","Fits, is wearing well...looks good. Only things I would say is the gold is a little too bright/shiny for me.",4,Very nice,1365984000,"04 15, 2013",0.2202
4,A1VQL3LLOS1ZVX,B00007FFL9,Katherine Passino,"[0, 0]","Very pretty. Looks like the real thing. No one has ever asked if its real, they just assume it is and that it's worth a lot!",5,Fits perfect,1387929600,"12 25, 2013",0.2505
5,A3NH86QUG6PFSZ,B00007FFL9,Libby Lou,"[1, 1]","I wish I read the actual reviews when I put it on my wish list. Come to find out, you need to ORDER IT IN A LARGE SIZE!Once I purchased a larger size, it is beautiful! Excellent quality and matches well with my wedding rings.",5,Smaller than the actual size it says!,1388620800,"01 2, 2014",0.6763
