,reviewerID,asin,reviewerName,helpful,reviewText,overall,summary,unixReviewTime,reviewTime,Sentiment
0,A3F2M27L02YDLM,B00000I9HE,Alex Evans Alex,"[0, 0]","VHS-C is out of date these days, but these are just as good a quality as they were when they were the main format. Recorded a few things with my old camcorder, no issues.",5,Good quality,1379289600,"09 16, 2013",0.1484
1,A3OZQGMISIJK61,B00000I9HE,Audie Hopson,"[0, 0]",A very good product.,5,Five Stars,1404604800,"07 6, 2014",0.4927
2,A2CQC1UQ7E2YPU,B00000I9HE,Caleb,"[0, 0]","These tapes worked nicely in my old JVC camcorder. They did make a bit of noise when recording and playing back, though. For some reason other tapes didn't do this. But it was a very faint sound, and I am happy.",4,Nice tapes!,1352764800,"11 13, 2012",0.3414
3,A1A8Q7LYKJ7B9Z,B00000I9HE,ChgoJerry,"[0, 2]",I cannot find thm anywhere else!! You all have a good price for them too. I wonder if I may order more? But first I'd like to find the ones I needed!! You sent them to the Wrong place!,1,excellent pricing!!! But you sent them to AZ. Not to me!!!,1331596800,"03 13, 2012",0.1011
4,A3EDICFQJDXT7L,B00000I9HE,Debra Q.,"[0, 0]",havent had chance to use the tapes in camcorder yet. I bet i will use this year welll i hope,5,tapes,1374105600,"07 18, 2013",0.1264
5,A1F5IRG9LIKM2H,B00000I9HE,Gotita98,"[0, 0]",I recommend this products but today may Concorde not use more but it is good when I have 6 years ago,4,I like it,1356998400,"01 1, 2013",0.6808
6,AWYSI7X29SQ9D,B00000I9HE,Jo Rogers,"[0, 0]",I have only used it one time and so far I am quite satisfied. Will order again in the future.,5,Maxel tapes,1339459200,"06 12, 2012",0.2377
7,A39DZU4YRGKWAG,B00000I9HE,Mike G,"[0, 0]","worked just as i needed,, I know its old style ,,but hey this works for me and my older video camera",4,Great product for my video cam,1356480000,"12 26, 2012",0.0
