,reviewerID,asin,reviewerName,helpful,reviewText,overall,summary,unixReviewTime,reviewTime,Sentiment
0,A3OVFH1ACP273D,B00000J1V8,Brandywine,"[1, 1]",and it's screw handles are ribbed and very easy to grasp.Nicely constructed.,5,It works,1003881600,"10 24, 2001",0.4201
1,A2LMVRUCHB6G8K,B00000J1V8,JAG,"[1, 1]",Well built. Thumb screws are very ergonomic. I use these cables with standard external modems like the USRobotics 56K faxmodems. Good value for the money.,5,Easy to handle,1190764800,"09 26, 2007",0.2582
2,A1TQBAHI3M4ZBQ,B00000J1V8,Jeffrey A. Hensley Hensley's Bluegrass Music,"[1, 1]",What more can you say. It works like expected. The cable didn't appear to be cheaply made and all hardware interfaced using the cable worked perfectly.,5,Works great,1319328000,"10 23, 2011",0.3327
3,A3GAJB5Y9XCLHU,B00000J1V8,J. Leeman Researcher,"[0, 0]",This is a decent cable for the price. The connection of the cable to the connector is rugged and will resist breaking easily. Cable is well insulated and connectors are of typical Belkin quality. Have used this in several environments including in the lab setting with satisfactory performance.,5,Did the job...,1294790400,"01 12, 2011",0.2436
4,A3AXXUSU4KJQ6R,B00000J1V8,Mark (.,"[0, 0]","Just what I needed to allow my users to connect to our CNC machines from their laptops. Great price, I couldn't make them for this price.",5,Works fine.,1400112000,"05 15, 2014",0.4256
5,A3TXZJQWCPYNVS,B00000J1V8,Tropylium,"[0, 0]","This is basically just a DE-9 to DB-25 adapter. It has the normal RS-232 specified pinouts on both ends, so it should work with almost anything. It will not work with things that use a proprietary pinout, such as point of sale (POS) machines. We use these for factory hardware and label printers.",5,"Works fine, cheap",1370217600,"06 3, 2013",0.0
