,reviewerID,asin,reviewerName,helpful,reviewText,overall,summary,unixReviewTime,reviewTime,Sentiment
0,A13LR4L955N2NI,B00000J1UA,AZJP,"[4, 4]",I had a 1996 PC that I needed to run. It booted up and ran the display. Unfortunately I did not have a 1996 keyboard. This adapter filled my need.,5,Need to run a very old PC,1319673600,"10 27, 2011",-0.085
1,AFXTKAO0CB354,B00000J1UA,C. Weaver,"[3, 3]",Perfect if you have an older type keyboard plug and need to use a PS-2 type keyboard with it.,5,Does What's Suppose To,1241308800,"05 3, 2009",0.5719
2,A2BSW8L2WPWNAT,B00000J1UA,Hello World,"[0, 0]","Item that arrived was opposite gender from what is pictured, both ends. In addition, one of the pins was badly bent--something easily fixable, but not in condition to sell.",1,QA needed,1399507200,"05 8, 2014",-0.045
3,A2NZB5S3QTQRVS,B00000J1UA,James Stallings Hacker and tinker,"[1, 2]",Use with an opposed adapter to monitor a server with an old rack mount terminal. Worked as expected. 5 star because you can fined these.,5,Perfect if you need it,1295913600,"01 25, 2011",0.0
4,A2B37JAQUAZ29N,B00000J1UA,P. Zweckbronner artistwife1,"[0, 0]",It does what it was supposed to do. It works well for the computer it was bought for. thank you.,5,it works fine,1362009600,"02 28, 2013",0.2115
5,A2VME004JAPD41,B00000J1UA,William Scarbrough Dave,"[3, 3]","Great if you need to work on an old school computer tower and don't have an adapter plug for your miniDin6 plug.As most of the old school users will remember, these adapters came with every keyboard and computer system until the motherboard manufacturers finally switched over the standard input type. It was a welcome change too!These plugs are very handy to have especially if you do any computer work such as repairs, mods or upgrades. it's a tool you'll suffer without if you don't keep it in your toolbox.",5,Belkin Keyboard Adapter,1242864000,"05 21, 2009",0.1973
