,reviewerID,asin,reviewerName,helpful,reviewText,overall,summary,unixReviewTime,reviewTime,Sentiment
0,AL5H32ZBE6FO,3936710058,Betty C. Jepsen Betty C. Jepsen,"[0, 12]","Works great, but wasn't what i expected . Thanks Sent it back. Sorry. Maybe it will be good for a conferance room, but not for singing too record.",2,Microphone,1354492800,"12 3, 2012",0.2432
1,AR6X6ZNF1XN5X,3936710058,Josie Whales,"[0, 0]","Money well-spent. I love this little speaker/microphone. The sounds is very clear. Volume buttons work great, and the microphone is great!!! I love this item!!!",5,"LOVE IT, LOVE IT, LOVE IT!!!",1379894400,"09 23, 2013",0.442
2,A1IKC2YBHXIE1M,3936710058,Ken,"[0, 0]",I use it on Microsoft Lynch for telecoms. The speaker is a little &#34;tinny&#34; but the mic works well without echoing.,4,Works well,1395532800,"03 23, 2014",0.196
3,A3STNU0QG5IMCY,3936710058,Makoto,"[0, 0]","I love this produtct.1. Echo canceling is working perfectry.2. It is avairable for room meeting.3. 3.5mm headphone jack.I bought it totaly more than 10, and I will buy more for my friends...",5,Very good deal,1367539200,"05 3, 2013",0.2894
4,A19LF8H78H24KJ,3936710058,Minerva Rodriguez MinRod60,"[0, 0]","I got this for my computer to use with my magic jack and I got no sound or nothing. It may not be compatible with magic jack but more like Skype. Since I don't have Skype, there is no way of knowing if it would work with Skype or compatible with it.",2,Did not work for my magic jack,1398211200,"04 23, 2014",-0.0072
5,A28UJ5KGAMD9HH,3936710058,sfgirlee,"[0, 0]","We were very happy with this purchase at first, but some of the buttons have stopped working after using it a few times a week for a couple months. The volume buttons no longer work and the volume can't be adjusted on the laptop, so we have to suffer through a blasting speaker in order to gain the benefits of the microphone, which also seems as if it may be starting to have intermittent problems.",3,A bit buggy,1377648000,"08 28, 2013",-0.1511
