,reviewerID,asin,reviewerName,helpful,reviewText,overall,summary,unixReviewTime,reviewTime,Sentiment
0,A17BUXSHOUOP4M,B000052X9G,Alesia,"[0, 1]","For having a bunch of promises about how well it'll work, this bottle is only about a two-week supply, and it makes no difference in anything--sweat, breath, etc. Save your money and just use perfume and lots of soap and mints!",1,Does NOTHING,1398729600,"04 29, 2014",0.4512
1,A1DEJOWMFEQAH,B000052X9G,Enchanted Alchemist Enchanted Alchemist,"[3, 6]",This supplement is awesome!!! It completely removes all types of body odor including feminine odor issues. It is very effective for me. I didn't have any abnormal body odor issues but I want to be as odor-free as possible. I recommend this to all my friends for the ultimate body deodorant. It is amazing how it makes your poo green!,5,Must-have supplement,1332633600,"03 25, 2012",0.4437
2,A3VBF1J95ROAYF,B000052X9G,Helen381,"[2, 14]",I dont like this stuff at all. I dont feel fresh. I have tried other brand that actually works. I will be going back to that one. Very disappointed :-(,1,What a let down,1237161600,"03 16, 2009",-0.2499
3,A1JS9RPSU8GP9M,B000052X9G,Patricia Garza,"[0, 0]","I really cant tell a difference in this product, have been taking it daily, it arrived on time as expected, that is the only reason I gave this a three star, other than that, it deserves a one for product. doesn't work,",3,Not too pleased,1404864000,"07 9, 2014",0.0
4,A3HLUZYBO1S49X,B000052X9G,Shortcake,"[1, 2]","Noticed results after about 4 days. Feces is grass green & odor has been reduced. I have noticed a difference in body odor. I still get it, just not as strong. I've been taking 4 a day & am over weight.",4,It's Nullo,1372982400,"07 5, 2013",-0.0805
