,reviewerID,asin,reviewerName,helpful,reviewText,overall,summary,unixReviewTime,reviewTime,Sentiment
0,A5L3L318Q55FI,B000052XIA,Alfie's Pal Bichon Mom,"[0, 0]",I have used this product for many years and it is excellent. The other reviews on this product do a much better job than I ever could of describing the good things about it but all I can say is -- it works!,5,Great Product,1392768000,"02 19, 2014",0.5323
1,A2GA55P7WGHJCP,B000052XIA,amazon shopper,"[0, 1]",This is a very good product and really works to eliminate discomfort. The subscribe and save discount makes the price excellent.,5,Good price for a very reliable product,1338854400,"06 5, 2012",0.4427
2,A35X2JJI49OBZP,B000052XIA,C. Bayne katluvr_1,"[0, 1]","I am not going to explain why I know this works so well, but it does work. And well. Let's just leave it at that.",5,It works,1358380800,"01 17, 2013",0.147
3,A132ETQPMHQ585,B000052XIA,DonnaSays Amazon makes my Life easy!,"[1, 2]","Have used for years...Vagisil Anti-Itch Creme, Maximum Strength, 1-Ounce (28 g) (Pack of 4) good to have on time if you needed it.",5,Have used for years,1366761600,"04 24, 2013",0.7269
4,AITPVQ9TKUIZT,B000052XIA,ELSA ES,"[1, 1]","This is a very effective product to relieve the itching as a result of moderate yeast infection or some itching as a result of allergy to latex condoms. It basically makes the area numb for a while, otherwise, it dose not have any anti fungus ingredient.However if the yeast infection is not moderate, the prescription tablets is a must and the over the counter cream is not working.",5,Very effective for vaginal itch relief,1352505600,"11 10, 2012",0.2983
5,A2B7BUH8834Y6M,B000052XIA,Shelley Gammon Geek,"[10, 12]","It smells like burning fur, but who cares? If you're out in the middle of the woods camping, or on a forever road trip and you haven't had a chance to change your drawers in a day or two, chances are, your unmentionable areas are gonna get itchy. Some areas are more sensitive than others when it comes to persistent itching and scratching. Vagisil allows you to temporarily relieve the itch so you can concentrate on driving or sleeping instead of scratching your parts off.",4,This should be in every woman's first aid kit,1093651200,"08 28, 2004",0.1994
6,A23Q4B6O6E8GZ9,B000052XIA,Unagi Sushi anniegoose,"[0, 14]","As with the other Vagisil product that I posted a review on, I did not buy this product for myself, but for friends who cannot afford to buy them. Vagisil is an excellent product and I highly recommend it.",5,Vagisil Anti-Itch Creme,1293148800,"12 24, 2010",0.6942
