,reviewerID,asin,helpful,reviewText,overall,summary,unixReviewTime,reviewTime,reviewerName,Sentiment
0,A3NGABXDIB0POU,B00002QUKW,"[0, 0]",Double check that this is the size you need.,5,Great for organizing,1405123200,"07 12, 2014",,0.0
1,ACVU7OORPTPVX,B00002QUKW,"[0, 0]","I might have gotten other labels for less money, but I must say that these labels have performed flawlessly. I could not take the chance of labels coming off large envelopes, so I paid the premium price.",5,They Work as Described,1383955200,"11 9, 2013",Gasp!,0.0541
2,A3CJ2VH56T4TCW,B00002QUKW,"[0, 0]",I use these all the time and the value is wonderful as is the convenience of the printer. I use the labels for both business and personal,5,great value,1401494400,"05 31, 2014",Leslie,0.3634
3,A2AXKUSM1SB5BD,B00002QUKW,"[0, 0]",simply very similar to the one that cost 5 times more! does what it suppose to do for much much less.,5,works great,1385510400,"11 27, 2013",N. Mashmoor iko,0.0
4,AVP2KMGLVPCYF,B00002QUKW,"[0, 0]",Using for my business labels...loving this larger size for that purpose. Lasting a long time too so that's awesome too.,5,Nice for printing larger labels,1389398400,"01 11, 2014",OBXGirl79,0.3286
5,ARBKYIVNYWK3C,B00002QUKW,"[1, 1]","I use these labels continuously for shipping Amazon Marketplace items. I never have any feed issues and the consistency of the paper and print are very consistent. The adhesive on these is very good and will permanently stick on packages, even on top of packaging tape. I would fully recommend this product for anyone wanting to print address labels as well as address labels with return & address on all one, or any other need for larger labels.",5,"Easy to use, good enough adhesion",1249084800,"08 1, 2009",RST10,0.347
