,reviewerID,asin,reviewerName,helpful,reviewText,overall,summary,unixReviewTime,reviewTime,Sentiment
0,A24FY1EBJ7EWLH,B00004Z4A8,Cabushka,"[0, 1]","My sunhat was too big, so I got the idea of lining the inside with the mounting tape. It did the trick. Hat no longer falls over my ears. Good for all the other usual uses as well. Handy to have around.",4,Good multi use tape,1370736000,"06 9, 2013",0.053
1,A1TC2MEPRWHAST,B00004Z4A8,CPSC Purchasing,"[0, 1]","We use this around the office. It holds pretty well. It holds a phone headset against the wall. The longer the strip you use the better the strength is. It leaves a slight sticky residue once its removed, but you can get rid of it with some soap and water.",4,Solid & Sturdy,1374710400,"07 25, 2013",0.2751
2,AAOPX9PTTOP3G,B00004Z4A8,Gary,"[2, 3]",This is heavy duty. I use it for everything. I even put up canvas Frames with it. Very easy to use and not to hard to remove.,5,3M,1400371200,"05 18, 2014",0.1351
3,A3F8T3BRXRX5P3,B00004Z4A8,JWink,"[1, 2]",Got this for putting on a plastic cable cord cover to hold in place on the carpet after I had to move it and the original double sided tape came off and wouldn't stick any longer. This stuff is strong and works well even though it is more meant for smooth surfaces than for what I used it for.,4,Strong and works well,1394323200,"03 9, 2014",0.4889
4,A2FAFQZHESTCPF,B00004Z4A8,kerren freddy yy,"[0, 1]",Do I need to say more. Scotch is trusted because they make the best adhessive products on the market. Works for me,5,Its Scotch,1362960000,"03 11, 2013",0.2691
5,A2GN4BPR465KFS,B00004Z4A8,Robert J. Casaletto,"[0, 1]","This tape is the answer for many, many needs. It can be used to hold a speaker in place rather than watch it role off a shelf or bureau. It hold computer accessories to the desk. It can be removed without much effort. Need a little goop cleaner. It's the million use tape that leaves Duct Tape in the DUST!",5,Behold The Holder!!!,1371513600,"06 18, 2013",0.018
6,AICQTNH6ZETXA,B00004Z4A8,Sam Jones,"[14, 16]",I have used this product for at least ten years. It has never failed me. The sticky sides last and last and last. I use it for a multitude of things. My old 1/2 roll was marked by me in 2003 and is still going strong. Great product. I definitley do recommend.,5,Best Tape,1336176000,"05 5, 2012",0.2713
7,A2HRHF83I3NDGT,B00004Z4A8,WiseShopper,"[0, 1]",This is a strong tape and there is a lot of it for the price. It is a very useful tape to have in your toolbox.,5,Very strong hold,1385683200,"11 29, 2013",0.5017
