,reviewerID,asin,reviewerName,helpful,reviewText,overall,summary,unixReviewTime,reviewTime,Sentiment
0,A32GW1R9MW0XOH,B00004SUJT,Chuck Pearson Chuck Pearson,"[0, 0]",The HP color printer cartridge prints the colors it is supposed to and is fairly crisp.,5,Clear Bright Colors,1261699200,"12 25, 2009",0.0
1,A2QVMAK0OWUTOM,B00004SUJT,Edith R. Church echurch,"[1, 1]","Long-lasting output, vivid color on multipurpose paper xxxxxxxxxxxxx xxxxxxx xxxxxx xxxxx xxxxx xxxxx xxxxx xxxxxx xxx xxxxxxx xxxxxx xxxxx xxxxx",5,Vivid color on multipurpose paper,1356134400,"12 22, 2012",0.0
2,A1C4ZSXQXWDJ57,B00004SUJT,Francis X. Fanucci,"[0, 0]",What can you say about ink cartridges. Best value for the money when they are no longer being sold at normal outlets.,5,Good Product,1361145600,"02 18, 2013",0.3298
3,A2NOW4U7W3F7RI,B00004SUJT,rpv,"[1, 1]","These inks are great and long lasting. I have been using these on HP3915 printer. I don't use the printer much, and replace them once every year. No smudges/marks and well designed. I have been using HP printers and inks since 1999. Definitely recommend! The reason for 4 stars is it is expensive. The quality is good.",4,Good but expensive,1330819200,"03 4, 2012",0.2136
4,A13XQPWNCS2CHP,B00004SUJT,S. E. Weatherby weterb,"[2, 2]",A good ink with free shipping availability. I buy ink only with original printer manufacturer brand.,5,Good ink source.,1270080000,"04 1, 2010",0.5266
