,reviewerID,asin,reviewerName,helpful,reviewText,overall,summary,unixReviewTime,reviewTime,Sentiment
0,A22SBD5R61HBOO,B00006IAKM,david (yo yo) david hockemeier,"[0, 0]",I would consider buying this because Im able to store pens while important paperwork I need to fill out or whatever,5,i love the paper holder part,1388793600,"01 4, 2014",0.2023
1,A3DLKMRBA3VD6O,B00006IAKM,jinha,"[0, 0]",Nice simple design. Stores pens and sticky notes securely. Construction is solid.Might not work as a cheese grater just because it has holes. Someone dare me to do it.,4,Nice simple design,1404604800,"07 6, 2014",0.1904
2,AJRJVJPTQO37H,B00006IAKM,Nikki H Harmon,"[0, 0]","I have a few things that I always manage to lose on my desk, and this small holder is a perfect size for stickies and stamps and post cards.",5,nice and compact,1392768000,"02 19, 2014",0.25
3,A1PQ4LDLJMO3KW,B00006IAKM,Picklewacket,"[1, 1]",my favorite part is the space for Post-it's and you can write on them while in the holder. the piece is compact but yet still seems to hold quite a bit.,5,graet little piece,1363651200,"03 19, 2013",0.2294
4,ANYKKMEHB0ABA,B00006IAKM,Wimpy Charley Wimpy,"[0, 0]","It is nice and great organizer but a bit smaller than I thought. I bought it for Christmas present. But by look at it, really nice for small desk or overload with stuffs.",4,Good Organizer,1383609600,"11 5, 2013",0.2528
