,reviewerID,asin,reviewerName,helpful,reviewText,overall,summary,unixReviewTime,reviewTime,Sentiment
0,A2BYV7S1QP2YIG,B00006IBA3,Dr. Oceanfront Oceanfront,"[1, 1]","I really like these little clips (they are very little) and the colors just make them more interesting. At this price, you cannot go wrong and the quality is just fine.",4,These are fun to look at,1388188800,"12 28, 2013",0.6092
1,A1JFNZ4UAMEZN3,B00006IBA3,Joe496 kittybaby,"[0, 0]",binder clips fit the bill when one has only a few sheets of paper to be held together. The multiple color pack is a definite easy on the eyes. They are sturdy and strong; built for the smaller job.,5,These mini,1346889600,"09 6, 2012",0.4947
2,A250AXLRBVYKB4,B00006IBA3,Nathan Beauchamp ConsumerAdvocate (nathan(at...,"[1, 1]","These are nice, colorful mini binder clips that are a must for any office environment. They do what they are supposed to do: hold papers together.",5,"Useful, multi colored binder clips",1234137600,"02 9, 2009",0.2107
3,A1U4GOVZWL8ZTL,B00006IBA3,Richard J. Richard J.,"[0, 0]","These clips only open about a 1/2&#34; but work better than paper clips for keeping more documents together securely. They don't really eliminate paper clips, they just hold more. I think reasonably priced especially with Prime.",5,Very nice product,1376265600,"08 12, 2013",0.2699
4,A1AHJ7SS38FSR3,B00006IBA3,Sam Cook,"[0, 0]","When they call these binder clips mini, they mean mini. I wasn't expecting the huge 1.5 or 1.25 inch binder clips, but I was expecting something that would do more than paper clips.Just be warned, if you are looking for something smaller than those huge binder clips, but not mini (hence the name), buy the medium size.If you are looking for something to hold papers .05% better than paper clips, these are perfect for you.",4,They mean mini,1331337600,"03 10, 2012",0.4332
